Keyword,Category,Search Volume,CPC,Competition Level
custom t shirts,Core Purchase Intent,8100,,Moderate
custom t shirt printing,Core Purchase Intent,52600,,Very High
t shirt printing,Core Purchase Intent,27100,,Moderate
tshirt printing,Core Purchase Intent,22200,,High
custom tee shirts,Core Purchase Intent,37100,,Very High
personalized t shirts,Core Purchase Intent,TBD,,TBD
custom t shirt design,Core Purchase Intent,TBD,,TBD
t shirt printing online,Online & Delivery Intent,16000,,Very High
custom t shirts online,Online & Delivery Intent,10700,,Very High
custom t shirt printing online,Online & Delivery Intent,TBD,,TBD
personalized t shirts online,Online & Delivery Intent,TBD,,TBD
design your own shirt,Design & DIY Tools,30100,,Very High
t shirt maker,Design & DIY Tools,9900,,High
t shirt design maker,Design & DIY Tools,TBD,,TBD
make your own t shirt,Design & DIY Tools,6600,,High
t shirt generator,Design & DIY Tools,6600,,Moderate
same day t shirt printing,Speed & No-Minimum,TBD,,TBD
custom t shirts no minimum,Speed & No-Minimum,1900,,Very High
custom t shirt maker,Speed & No-Minimum,3000,,Very High
bulk custom t shirt printing,Bulk & B2B,TBD,,TBD
company t shirt design,Bulk & B2B,TBD,,TBD
t shirt printing company,Bulk & B2B,4400,,Very High
custom event t shirts,Bulk & B2B,TBD,,TBD
t shirt printing near me,Local to Online Hybrids,12100,,Moderate
custom t shirts near me,Local to Online Hybrids,TBD,,TBD
shirt printing near me,Local to Online Hybrids,TBD,,Moderate
custom printed t shirts near me,Local to Online Hybrids,TBD,,TBD
t shirt screen printing,Specialty Methods & Styles,TBD,,TBD
all over print shirts,Specialty Methods & Styles,2600,,Very High
graphic t shirts,Specialty Methods & Styles,TBD,,TBD
oversized t shirts,Specialty Methods & Styles,TBD,,TBD
cheap custom t shirts,Price-Sensitive Terms,12200,,Very High
cheap t shirt printing,Price-Sensitive Terms,9200,,Very High
best custom t shirts,Price-Sensitive Terms,1500,,Very High
t shirt deals,Price-Sensitive Terms,TBD,,TBD
family reunion t shirts,Audience & Use-Case Intent,TBD,,TBD
team t shirts,Audience & Use-Case Intent,TBD,,TBD
matching family t shirts,Audience & Use-Case Intent,TBD,,TBD
custom event t shirts,Audience & Use-Case Intent,TBD,,TBD
organic cotton t shirts,"Material, Fit & Quality",TBD,,TBD
tri blend t shirts,"Material, Fit & Quality",TBD,,TBD
heavyweight t shirts,"Material, Fit & Quality",TBD,,TBD
premium t shirts,"Material, Fit & Quality",TBD,,TBD
mens t shirts,Gendered & Category Variants,TBD,,TBD
womens t shirts,Gendered & Category Variants,TBD,,TBD
ladies t shirts,Gendered & Category Variants,TBD,,TBD
halloween t shirts,Seasonal & Timely Demand,TBD,,TBD
christmas t shirts,Seasonal & Timely Demand,TBD,,TBD
4th of july t shirts,Seasonal & Timely Demand,TBD,,TBD
valentines day t shirts,Seasonal & Timely Demand,TBD,,TBD
custom ink t shirts,Brand-Modified / Competitor Terms,TBD,,TBD
vistaprint t shirt,Brand-Modified / Competitor Terms,TBD,,TBD
t shirts,Synonyms & Variants,TBD,,TBD
tshirts,Synonyms & Variants,TBD,,TBD
t-shirts,Synonyms & Variants,TBD,,TBD
tee shirts,Synonyms & Variants,TBD,,TBD
tees,Synonyms & Variants,TBD,,TBD
printed t shirts,Synonyms & Variants,TBD,,TBD
print t shirts,Synonyms & Variants,TBD,,TBD
